الكلمة المفتاحية,التصنيف,نوع البحث,ملاحظات
ليجن بناتي جملة,الرئيسية,بحث جملة,
ليجن اطفال جملة,الرئيسية,بحث جملة,
كولون بناتي جملة,الرئيسية,بحث جملة,
بنطلون ليجن بناتي جملة,الرئيسية,بحث جملة,
ليجن اطفال بالجملة,الرئيسية,بحث جملة,
ملابس اطفال بالجملة,الرئيسية,بحث جملة,
ملابس بنات بالجملة,الرئيسية,بحث جملة,
تجارة جملة ملابس اطفال,التجارة,بحث تجاري,
سوق جملة ملابس اطفال,التجارة,بحث تجاري,
مصنع ملابس اطفال,ال manufacturers,بحث تجاري,
مصنع ليجن بناتي,ال manufacturers,بحث تجاري,
مصنع كولون بناتي,ال manufacturers,بحث تجاري,
مصنع ملابس بنات,ال manufacturers,بحث تجاري,
藦(factory) ملابس اطفال مصر,ال manufacturers,بحث تجاري,
 manufacturing ملابس اطفال,ال manufacturers,بحث تجاري,
لابيدات اطفال جملة,الملابس,بحث جملة,
بنطلونات اطفال جملة,الملابس,بحث جملة,
بجامات اطفال جملة,الملابس,بحث جملة,
شورتات اطفال جملة,الملابس,بحث جملة,
تيشيرتات اطفال جملة,الملابس,بحث جملة,
 فساتين اطفال جملة,الملابس,بحث جملة,
ملابس داخلية اطفال جملة,الملابس,بحث جملة,
جوارب اطفال جملة,الملابس,بحث جملة,
حذاء اطفال جملة,الملابس,بحث جملة,
عبايات اطفال جملة,الملابس,بحث جملة,
ملابس صيفية اطفال جملة,الم mus mus mus mus,بحث جملة,
ملابس شتوية اطفال جملة,الم mus mus mus mus,بحث جملة,
ليجن صيفي بناتي,الملابس الموسمية,بحث جملة,
ليجن شتوي بناتي,الملابس الموسمية,بحث جملة,
كولون صيفي بناتي,الملابس الموسمية,بحث جملة,
كولون شتوي بناتي,الملابس الموسمية,بحث جملة,
ملابس محتشمة اطفال جملة,الملابس,بحث جملة,
ملابس اطفال خروج جملة,الملابس,بحث جملة,
ملابس اطفال سهرة جملة,الملابس,بحث جملة,
ملابس اطفال العيد جملة,الملابس الموسمية,بحث جملة,
ملابس اطفال رمضان جملة,الملابس الموسمية,بحث جملة,
ملابس اطفال العودة للمدارس,الملابس الموسمية,بحث جملة,
ملابس اطفال عزومات جملة,الملابس,بحث جملة,
ليجن بريميوم اطفال,الجودة,بحث جملة,
ليجن قطن اطفال,الخامات,بحث جملة,
ليجن اسباندكس اطفال,الخامات,بحث جملة,
ليجن بوليستر اطفال,الخامات,بحث جملة,
ليجن كتان اطفال,الخامات,بحث جملة,
ليجن مطاطي اطفال,الخاصة,بحث جملة,
ليجن مطاط عالي اطفال,الخاصة,بحث جملة,
ليجن واسع اطفال,المقاسات,بحث جملة,
ليجن ضيق اطفال,المقاسات,بحث جملة,
ليجن مقاس كبير اطفال,المقاسات,بحث جملة,
ليجن مقاس صغير اطفال,المقاسات,بحث جملة,
ليجن newborn,المقاسات,بحث إنجليزي,
ليجن 0-3 شهور,المقاسات,بحث محدد,
ليجن 3-6 شهور,المقاسات,بحث محدد,
ليجن 6-12 شهر,المقاسات,بحث محدد,
ليجن 1-2 سنه,المقاسات,بحث محدد,
ليجن 2-3 سنين,المقاسات,بحث محدد,
ليجن 3-4 سنين,المقاسات,بحث محدد,
ليجن 4-5 سنين,المقاسات,بحث محدد,
ليجن 5-6 سنين,المقاسات,بحث محدد,
ليجن 6-7 سنين,المقاسات,بحث محدد,
ليجن 7-8 سنين,المقاسات,بحث محدد,
ليجن 8-9 سنين,المقاسات,بحث محدد,
ليجن 9-10 سنين,المقاسات,بحث محدد,
ليجن 10-12 سنه,المقاسات,بحث محدد,
ليجن 12-14 سنه,المقاسات,بحث محدد,
ليجن احمر بناتي,الألوان,بحث لوني,
ليجن اسود بناتي,الألوان,بحث لوني,
ليجن ابيض بناتي,الألوان,بحث لوني,
ليجن وردي بناتي,الألوان,بحث لوني,
ليجن ازرق بناتي,الألوان,بحث لوني,
ليجن اصفر بناتي,الألوان,بحث لوني,
ليجن اخضر بناتي,الألوان,بحث لوني,
ليجن برتقالي بناتي,الألوان,بحث لوني,
ليجن بنفسجي بناتي,الألوان,بحث لوني,
ليجن رمادي بناتي,الألوان,بحث لوني,
ليجن بيج بناتي,الألوان,بحث لوني,
ليجن بني بناتي,الألوان,بحث لوني,
ليجن ملون بناتي,الألوان,بحث لوني,
ليجن مخطط بناتي,المطبوعات,بحث نمطي,
ليجن مطبوع بناتي,المطبوعات,بحث نمطي,
ليجن	printed بناتي,المطبوعات,بحث إنجليزي,
ليجن كاروهات بناتي,المطبوعات,بحث نمطي,
ليجن فراشات بناتي,المطبوعات,بحث نمطي,
ليجن ورد بناتي,المطبوعات,بحث نمطي,
ليجن قلوب بناتي,المطبوعات,بحث نمطي,
ليجن نجوم بناتي,المطبوعات,بحث نمطي,
ليجن ج raisins بناتي,المطبوعات,بحث نمطي,
ليجن animated بناتي,المطبوعات,بحث إنجليزي,
ليجن cartoon بناتي,المطبوعات,بحث إنجليزي,
ليجن frozen بناتي,المطبوعات,بحث إنجليزي,
ليجن unicorn بناتي,المطبوعات,بحث إنجليزي,
ليجن princess بناتي,المطبوعات,بحث إنجليزي,
ليجن flowers بناتي,المطبوعات,بحث إنجليزي,
ليجن stars بناتي,المطبوعات,بحث إنجليزي,
ليجن hearts بناتي,المطبوعات,بحث إنجليزي,
ليجن stripes بناتي,المطبوعات,بحث إنجليزي,
ليجن dots بناتي,المطبوعات,بحث إنجليزي,
ليجن geometric بناتي,المطبوعات,بحث إنجليزي,
ليجن high waist بناتي,ال cuts,بحث إنجليزي,
ليجن low waist بناتي,ال cuts,بحث إنجليزي,
ليجن ميدي بناتي,ال cuts,بحث إنجليزي,
ليجن full length بناتي,ال cuts,بحث إنجليزي,
ليجن ankle بناتي,ال cuts,بحث إنجليزي,
ليجن cropped بناتي,ال cuts,بحث إنجليزي,
ليجن 7/8 بناتي,ال cuts,بحث إنجليزي,
ليجن footless بناتي,ال cuts,بحث إنجليزي,
ليجن stirrup بناتي,ال cuts,بحث إنجليزي,
ليجن seamless بناتي,ال cuts,بحث إنجليزي,
ليجن رياضي بناتي,الاستخدام,بحث وظيفي,
ليجن يوغا بناتي,الاستخدام,بحث وظيفي,
ليجن رياضة بناتي,الاستخدام,بحث وظيفي,
ليجن جYM بناتي,الاستخدام,بحث وظيفي,
ليجن تنزه بناتي,الاستخدام,بحث وظيفي,
ليجن نوم بناتي,الاستخدام,بحث وظيفي,
ليجن خروج بناتي,الاستخدام,بحث وظيفي,
ليجن بيت بناتي,الاستخدام,بحث وظيفي,
ليجن سهرة بناتي,الاستخدام,بحث وظيفي,
ليجن مدرسة بناتي,الاستخدام,بحث وظيفي,
ليجن حضانة بناتي,الاستخدام,بحث وظيفي,
مورد ملابس اطفال,ال:B2B,بحث تجاري,
تاجر جملة ملابس اطفال,ال:B2B,بحث تجاري,
عميل جملة ملابس اطفال,ال:B2B,بحث تجاري,
寻找批发客户,ال:B2B,بحث صيني,
wholesale children's clothing,ال:B2B,بحث إنجليزي,
wholesale leggings kids,ال:B2B,بحث إنجليزي,
wholesale girls leggings,ال:B2B,بحث إنجليزي,
wholesale kids pants,ال:B2B,بحث إنجليزي,
wholesale children pants,ال:B2B,بحث إنجليزي,
wholesale girls pants,ال:B2B,بحث إنجليزي,
ليجن جملة سعر,التسعير,بحث سعري,
سعر ليجن جملة,التسعير,بحث سعري,
ليجن اطفال سعر رخيص,التسعير,بحث سعري,
ليجن اطفال اسعار الجملة,التسعير,بحث سعري,
 cheap wholesale leggings,التسعير,بحث إنجليزي,
affordable leggings bulk,التسعير,بحث إنجليزي,
leggings bulk price,التسعير,بحث إنجليزي,
ملابس اطفال اوريجينال,الجودة,بحث جودة,
ملابس اطفال اصلي,الجودة,بحث جودة,
ملابس اطفال نسخة اصلية,الجودة,بحث جودة,
ملابس اطفال قطن 100%,الجودة,بحث جودة,
ملابس اطفال قطن مصري,الجودة,بحث جودة,
ملابس اطفال خامات ممتازة,الجودة,بحث جودة,
ملابس اطفال مقاومة للغسيل,الجودة,بحث جودة,
ملابس اطفال لا ت褪色,الجودة,بحث جودة,
ملابس اطفال مريحة,الجودة,بحث جودة,
ملابس اطفال ناعمة,الجودة,بحث جودة,
ملابس اطفال مطاط عالي,الخاصة,بحث خاص,
ملابس اطفال مطاط وسط,الخاصة,بحث خاص,
ملابس اطفال قطن مصري,الخاصة,بحث خاص,
ملابس اطفال تبريد,الخاصة,بحث خاص,
ملابس اطفال شتوي,الخاصة,بحث خاص,
ملابس اطفال صيفي,الخاصة,بحث خاص,
ملابس اطفال طurgical,الخاصة,بحث خاص,
ملابس اطفال anti-bacterial,الخاصة,بحث خاص,
ملابس اطفال anti-static,الخصة,بحث خاص,
ملابس اطفال quick dry,الخاصة,بحث خاص,
ملابس اطفال moisture wicking,الخاصة,بحث خاص,
ملابس اطفال 4-way stretch,الخاصة,بحث خاص,
ملابس اطفال UPF protection,الخاصة,بحث خاص,
ملابس اطفال thermal,الخاصة,بحث خاص,
ملابس اطفال fleece lined,الخاصة,بحث خاص,
ملابس اطفال waterproof,الخاصة,بحث خاص,
ملابس اطفال windproof,الخاصة,بحث خاص,
ملابس اطفال sun protection,الخاصة,بحث خاص,
ملابس اطفال anti-odor,الخاصة,بحث خاص,
ملابس اطفال breathable,الخاصة,بحث خاص,
ملابس اطفال lightweight,الخاصة,بحث خاص,
ملابس اطفال durable,الخاصة,بحث خاص,
ملابس اطفال machine washable,الخاصة,بحث خاص,
ملابس اطفال wrinkle free,الخاصة,بحث خاص,
ملابس اطفال fade resistant,الخاصة,بحث خاص,
ملابس اطفال pilling resistant,الخاصة,بحث خاص,
ملابس اطفال stretch,الخاصة,بحث خاص,
ملابس اطفال soft,الخاصة,بحث خاص,
ملابس اطفال smooth,الخاصة,بحث خاص,
ملابس اطفال elastic,الخاصة,بحث خاص,
ملابس اطفال comfortable,الخاصة,بحث خاص,
ملابس اطفال stylish,الخاصة,بحث خاص,
ملابس اطفال fashionable,الخاصة,بحث خاص,
ملابس اطفال trendy,الخاصة,بحث خاص,
ملابس اطفال modern,الخصة,بحث خاص,
ملابس اطفال classic,الخاصة,بحث خاص,
ملابس اطفال plain,الخاصة,بحث خاص,
ملابس اطفال solid color,الخاصة,بحث خاص,
ملابس اطفال printed,الخاصة,بحث خاص,
ملابس اطفال patterned,الخاصة,بحث خاص,
ملابس اطفال striped,الخاصة,بحث خاص,
ملابس ا動物 polka dot,الخاصة,بحث خاص,
ملابس اطفال floral,الخاصة,بحث خاص,
ملابس اطفال geometric,الخاصة,بحث خاص,
ملابس اطفال abstract,الخاصة,بحث خاص,
ملابس ا动物 animal print,الخاصة,بحث خاص,
ملابس اطفال camo,الخاصة,بحث خاص,
ملابس اطفال tie dye,الخاصة,بحث خاص,
ملابس اطفال ombre,الخاصة,بحث خاص,
ملابس اطفال color block,الخاصة,بحث خاص,
ملابس اطفال metallic,الخاصة,بحث خاص,
ملابس اطفال shiny,الخاصة,بحث خاص,
ملابس اطفال glitter,الخاصة,بحث خاص,
ملابس اطفال sequin,الخاصة,بحث خاص,
ملابس اطفال velvet,الخاصة,بحث خاص,
ملابس اطفال satin,الخاصة,بحث خاص,
ملابس اطفال lace,الخاصة,بحث خاص,
ملابس ا动物 crochet,الخاصة,بحث خاص,
ملابس اطفال knitted,الخاصة,بحث خاص,
ملابس اطفال woven,الخاصة,بحث خاص,
ملابس اطفال jersey,الخاصة,بحث خاص,
ملابس اطفال ribbed,الخاصة,بحث خاص,
ملابس اطفال fleece,الخاصة,بحث خاص,
ملابس اطفال terry,الخاصة,بحث خاص,
ملابس اطفال waffle,الخاصة,بحث خاص,
ملابس اطفال mesh,الخاصة,بحث خاص,
ملابس اطفال net,الخاصة,بحث خاص,
ملابس ا动物 spandex,الخاصة,بحث خاص,
ملابس اطفال lycra,الخاصة,بحث خاص,
ملابس اطفال elastane,الخاصة,بحث خاص,
ملابس اطفال nylon,الخاصة,بحث خاص,
ملابس اطفال polyester,الخاصة,بحث خاص,
ملابس اطفال rayon,الخاصة,بحث خاص,
ملابس اطفال modal,الخاصة,بحث خاص,
ملابس اطفال bamboo,الخاصة,بحث خاص,
ملابس اطفال organic,الخاصة,بحث خاص,
ملابس اطفال sustainable,الخاصة,بحث خاص,
ملابس اطفال eco-friendly,الخاصة,بحث خاص,
ملابس اطفال recycled,الخاصة,بحث خاص,
ملابس اطفال biodegradable,الخاصة,بحث خاص,
ملابس اطفال chemical free,الخاصة,بحث خاص,
ملابس اطفال hypoallergenic,الخاصة,بحث خاص,
ملابس اطفال dermat tested,الخاصة,بحث خاص,
ملابس اطفال pediatric approved,الخاصة,بحث خاص,
ملابس اطفال mom approved,الخاصة,بحث خاص,
ملابس اطفال instagram worthy,الخاصة,بحث خاص,
ملابس ا动物 TikTok trending,الخاصة,بحث خاص,
ملابس اطفال viral,الخاصة,بحث خاص,
ملابس ا动物 bestseller,الخاصة,بحث خاص,
ملابس اطفال popular,الخاصة,بحث خاص,
ملابس ا动物 top rated,الخاصة,بحث خاص,
ملابس اطفال 5 star,الخاصة,بحث خاص,
ملابس ا動物 highly recommended,الخاصة,بحث خاص,
ملابس اطفال customer favorite,الخاصة,بحث خاص,
ملابس ا动物 parent's choice,الخاصة,بحث خاص,
ملابس اطفال award winning,الخاصة,بحث خاص,
ملابس اطفال certified,الخاصة,بحث خاص,
ملابس اطفال tested,الخاصة,بحث خاص,
ملابس اimals guaranteed,الخاصة,بحث خاص,
ملابس اimals warranted,الخاصة,بحث خاص,
ملابس اimals returnable,الخاصة,بحث خاص,
ملابس اimals exchangeable,الخاصة,بحث خاص,
ملابس اimals free shipping,التوصيل,بحث خاص,
ملابس اimals fast delivery,التوصيل,بحث خاص,
ملابس اimals same day delivery,التوصيل,بحث خاص,
ملابس اimals next day delivery,التوصيل,بحث خاص,
ملابس اimals express delivery,التوصيل,بحث خاص,
ملابس اimals international shipping,التوصيل,بحث خاص,
ملابس اimals worldwide delivery,التوصيل,بحث خاص,
ملابس اimals drop shipping,التوصيل,بحث خاص,
ملابس اimals bulk shipping,التوصيل,بحث خاص,
ملابس اimals pallet shipping,التوصيل,بحث خاص,
ملابس اimals container shipping,التوصيل,بحث خاص,
ملابس اimals FOB price,التسعير,بحث خاص,
ملابس اimals CIF price,التسعير,بحث خاص,
ملابس اimals EXW price,التسعير,بحث خاص,
ملابس اimals MOQ,التسعير,بحث خاص,
ملابس اimals minimum order,التسعير,بحث خاص,
ملابس اimals sample order,التسعير,بحث خاص,
ملابس اimals trial order,التسعير,بحث خاص,
ملابس اimals bulk order,التسعير,بحث خاص,
ملابس اimals wholesale order,التسعير,بحث خاص,
ملابس اimals factory price,التسعير,بحث خاص,
ملابس اimals manufacturer price,التسعير,بحث خاص,
ملابس اimals distributor price,التسعير,بحث خاص,
ملابس اimals retailer price,التسعير,بحث خاص,
ملابس اimals competitive price,التسعير,بحث خاص,
ملابس اimals best price,التسعير,بحث خاص,
ملابس اimals lowest price,التسعير,بحث خاص,
ملابس اimals price match,التسعير,بحث خاص,
ملابس اimals negotiable price,التسعير,بحث خاص,
ملابس اimals flexible pricing,التسعير,بحث خاص,
ملابس اimals tier pricing,التسعير,بحث خاص,
ملابس اimals volume discount,التسعير,بحث خاص,
ملابس اimals bulk discount,التسعير,بحث خاص,
ملابس اimals loyalty discount,التسعير,بحث خاص,
ملابس اimals seasonal discount,التسعير,بحث خاص,
ملابس اimals clearance sale,التسعير,بحث خاص,
ملابس اimals flash sale,التسعير,بحث خاص,
ملابس اimals special offer,التسعير,بحث خاص,
ملابس اimals promotion,التسعير,بحث خاص,
ملابس اimals bundle deal,التسعير,بحث خاص,
ملابس اimals combo pack,التسعير,بحث خاص,
ملابس اimals starter pack,التسعير,بحث خاص,
ملابس اimals assortment pack,التسعير,بحث خاص,
ملابس اimals variety pack,التسعير,بحث خاص,
ملابس اimals mystery box,التسعير,بحث خاص,
ملابس اimals grab bag,التسعير,بحث خاص,
ملابس اimals lucky dip,التسعير,بحث خاص,
ملابس اimals wholesale deal,التسعير,بحث خاص,
ملابس اimals business offer,التسعير,بحث خاص,
ملابس اimals trade discount,التسعير,بحث خاص,
ملابس اimals reseller discount,التسعير,بحث خاص,
ملابس اimals VIP pricing,التسعير,بحث خاص,
ملابس اimals exclusive offer,التسعير,بحث خاص,
ملابس اimals limited time offer,التسعير,بحث خاص,
ملابس اimals early bird discount,التسعير,بحث خاص,
ملابس اimals pre-order discount,التسعير,بحث خاص,
ملابس اimals launch discount,التسعير,بحث خاص,
ملابس اimals new customer discount,التسعير,بحث خاص,
ملابس اimals first order discount,التسعير,بحث خاص,
ملابس اimals referral discount,التسعير,بحث خاص,
ملابس اimals social media discount,التسعير,بحث خاص,
ملابس اimals newsletter discount,التسعير,بحث خاص,
ملابس اimals website exclusive,التسعير,بحث خاص,
ملابس اimals online only,التسعير,بحث خاص,
ملابس اimals in-store only,التسعير,بحث خاص,
ملابس اimals pickup available,التوصيل,بحث خاص,
ملابس اimals curbside pickup,التوصيل,بحث خاص,
ملابس اimals same day pickup,التوصيل,بحث خاص,
ملابس اimals warehouse pickup,التوصيل,بحث خاص,
ملابس اimals factory pickup,التوصيل,بحث خاص,
ملابس اimals local delivery,التوصيل,بحث خاص,
ملابس اimals store delivery,التوصيل,بحث خاص,
ملابس اimals home delivery,التوصيل,بحث خاص,
ملابس اimals office delivery,التوصيل,بحث خاص,
ملابس اimals hotel delivery,التوصيل,بحث خاص,
ملابس اimals gift delivery,التوصيل,بحث خاص,
ملابس اimals gift wrapping,التوصيل,بحث خاص,
ملابس اimals gift message,التوصيل,بحث خاص,
ملابس اimals free gift,التوصيل,بحث خاص,
ملابس اimals bonus item,التوصيل,بحث خاص,
ملابس اimals free sample,التوصيل,بحث خاص,
ملابس اimals catalog request,التوصيل,بحث خاص,
ملابس اimals price list,التسعير,بحث خاص,
ملابس اimals wholesale catalog,التسعير,بحث خاص,
ملابس اimals product catalog,التسعير,بحث خاص,
ملابس اimals lookbook,التسعير,بحث خاص,
ملابس اimals magazine,التسعير,بحث خاص,
ملابس اimals brochure,التسعير,بحث خاص,
ملابس اimals flyer,التسعير,بحث خاص,
ملابس اimals poster,التسعير,بحث خاص,
ملابس اimals banner,التسعير,بحث خاص,
ملابس اimals display,التسعير,بحث خاص,
ملابس اimals sign,التسعير,بحث خاص,
ملابس اimals sticker,التسعير,بحث خاص,
ملابس اimals hang tag,التسعير,بحث خاص,
ملابس اimals price tag,التسعير,بحث خاص,
ملابس اimals label,التسعير,بحث خاص,
ملابس اimals brand tag,التسعير,بحث خاص,
ملابس اimals care label,التسعير,بحث خاص,
ملابس اimals size label,التسعير,بحث خاص,
ملابس اimals content label,التسعير,بحث خاص,
ملابس اimals origin label,التسعير,بحث خاص,
ملابس اimals made in Egypt,الجودة,بحث خاص,
ملابس اimals Egyptian cotton,الخاصة,بحث خاص,
ملابس اimals cotton field,الخاصة,بحث خاص,
ملابس اimals Nile cotton,الخاصة,بحث خاص,
ملابس اimals premium cotton,الخاصة,بحث خاص,
ملابس اimals long staple cotton,الخاصة,بحث خاص,
ملابس اimals extra long staple,الخاصة,بحث خاص,
ملابس اimals Giza cotton,الخاصة,بحث خاص,
ملابس اimals Alexandria cotton,الخاصة,بحث خاص,
ملابس اimals Beni Suef cotton,الخاصة,بحث خاص,
ملابس اimals Nag Hammadi cotton,الخاصة,بحث خاص,
ملابس اimals Menufia cotton,الخاصة,بحث خاص,
ملابس اimals Delta cotton,الخاصة,بحث خاص,
ملابس اimals Upper Egypt cotton,الخاصة,بحث خاص,
ملابس اimals organic cotton,الخاصة,بحث خاص,
ملابس اimals conventional cotton,الخاصة,بحث خاص,
ملابس اimals blended cotton,الخاصة,بحث خاص,
ملابس اimals cotton rich,الخاصة,بحث خاص,
ملابس اimals cotton blend,الخاصة,بحث خاص,
ملابس اimals cotton mix,الخاصة,بحث خاص,
ملابس اimals pure cotton,الخاصة,بحث خاص,
ملابس اimals 100% cotton,الخاصة,بحث خاص,
ملابس اimals 80% cotton,الخاصة,بحث خاص,
ملابس اimals 70% cotton,الخاصة,بحث خاص,
ملابس اimals 60% cotton,الخاصة,بحث خاص,
ملابس اimals 50% cotton,الخاصة,بحث خاص,
ملابس اimals 40% cotton,الخاصة,بحث خاص,
ملابس اimals 30% cotton,الخاصة,بحث خاص,
ملابس اimals cotton spandex,الخاصة,بحث خاص,
ملابس اimals cotton lycra,الخاصة,بحث خاص,
ملابس اimals cotton elastane,الخاصة,بحث خاص,
ملابس اimals cotton polyester,الخاصة,بحث خاص,
ملابس اimals cotton nylon,الخاصة,بحث خاص,
ملابس اimals cotton rayon,الخاصة,بحث خاص,
ملابس اimals cotton modal,الخاصة,بحث خاص,
ملابس اimals cotton bamboo,الخاصة,بحث خاص,
ملابس اimals cotton hemp,الخاصة,بحث خاص,
ملابس اimals cotton wool,الخاصة,بحث خاص,
ملابس اimals cotton silk,الخاصة,بحث خاص,
ملابس اimals cotton cashmere,الخاصة,بحث خاص,
ملابس اimals cotton merino,الخاصة,بحث خاص,
ملابس اimals cotton alpaca,الخاصة,بحث خاص,
ملابس اimals cotton angora,الخاصة,بحث خاص,
ملابس اimals cotton mohair,الخاصة,بحث خاص,
ملابس اimals cotton linen,الخاصة,بحث خاص,
ملابس اimals cotton jersey,الخاصة,بحث خاص,
ملابس اimals cotton interlock,الخاصة,بحث خاص,
ملابس اimals cotton fleece,الخاصة,بحث خاص,
ملابس اimals cotton terry,الخاصة,بحث خاص,
ملابس اimals cotton waffle,الخاصة,بحث خاص,
ملابس اimals cotton rib,الخاصة,بحث خاص,
ملابس اimals cotton pique,الخاصة,بحث خاص,
ملابس اimals cotton twill,الخاصة,بحث خاص,
ملابس اimals cotton canvas,الخاصة,بحث خاص,
ملابس اimals cotton denim,الخاصة,بحث خاص,
ملابس اimals cotton corduroy,الخاصة,بحث خاص,
ملابس اimals cotton velour,الخاصة,بحث خاص,
ملابس اimals cotton velvet,الخاصة,بحث خاص,
ملابس اimals cotton satin,الخاصة,بحث خاص,
ملابس اimals cotton sateen,الخاصة,بحث خاص,
ملابس اimals cotton voile,الخاصة,بحث خاص,
ملابس اimals cotton lawn,الخاصة,بحث خاص,
ملابس اimals cotton poplin,الخاصة,بحث خاص,
ملابس اimals cotton chambray,الخاصة,بحث خاص,
ملابس اimals cotton gingham,الخاصة,بحث خاص,
ملابس اimals cotton flannel,الخاصة,بحث خاص,
ملابس اimals cotton flannel,الخاصة,بحث خاص,
ملابس اimals cotton thermal,الخاصة,بحث خاص,
ملابس اimals cotton waffle knit,الخاصة,بحث خاص,
ملابس اimals cotton french terry,الخاصة,بحث خاص,
ملابس اimals cotton sweatshirt,الخاصة,بحث خاص,
ملابس اimals cotton hoodie,الخاصة,بحث خاص,
ملابس اimals cotton jogger,الخاصة,بحث خاص,
ملابس اimals cotton sweatpants,الخاصة,بحث خاص,
ملابس اimals cotton shorts,الخاصة,بحث خاص,
ملابس اimals cotton skirt,الخاصة,بحث خاص,
ملابس اimals cotton dress,الخاصة,بحث خاص,
ملابس اimals cotton romper,الخاصة,بحث خاص,
ملابس اimals cotton onesie,الخاصة,بحث خاص,
ملابس اimals cotton bodysuit,الخاصة,بحث خاص,
ملابس اimals cotton tank top,الخاصة,بحث خاص,
ملابس اimals cotton camisole,الخاصة,بحث خاص,
ملابس اimals cotton undershirt,الخاصة,بحث خاص,
ملابس اimals cotton undershirt,الخاصة,بحث خاص,
ملابس اimals cotton underwear,الخاصة,بحث خاص,
ملابس اimals cotton socks,الخاصة,بحث خاص,
ملابس اimals cotton tights,الخاصة,بحث خاص,
ملابس اimals cotton leggings,الخاصة,بحث خاص,
ملابس اimals cotton pants,الخاصة,بحث خاص,
ملابس اimals cotton jeans,الخاصة,بحث خاص,
ملابس اimals cotton overalls,الخاصة,بحث خاص,
ملابس اimals cotton dungarees,الخاصة,بحث خاص,
ملابس اimals cotton jumpsuit,الخاصة,بحث خاص,
ملابس اimals cotton playsuit,الخاصة,بحث خاص,
ملابس اimals cotton shorts set,الخاصة,بحث خاص,
ملابس اimals cotton pajamas,الخاصة,بحث خاص,
ملابس اimals cotton nightgown,الخاصة,بحث خاص,
ملابس اimals cotton robe,الخاصة,بحث خاص,
ملابس اimals cotton bathrobe,الخاصة,بحث خاص,
ملابس اimals cotton towel,الخاصة,بحث خاص,
ملابس اimals cotton blanket,الخاصة,بحث خاص,
ملابس اimals cotton swaddle,الخاصة,بحث خاص,
ملابس اimals cotton burp cloth,الخاصة,بحث خاص,
ملابس اimals cotton bib,الخصة,بحث خاص,
ملابس اimals cotton diaper,الخاصة,بحث خاص,
ملابس اimals cotton cloth diaper,الخاصة,بحث خاص,
ملابس اimals cotton swimwear,الخاصة,بحث خاص,
ملابس اimals cotton rash guard,الخاصة,بحث خاص,
ملابس اimals cotton sun suit,الخاصة,بحث خاص,
ملابس اimals cotton coverall,الخاصة,بحث خاص,
ملابس اimals cotton snowsuit,الخاصة,بحث خاص,
ملابس اimals cotton mittens,الخاصة,بحث خاص,
ملابس اimals cotton hat,الخاصة,بحث خاص,
ملابس اimals cotton scarf,الخاصة,بحث خاص,
ملابس اimals cotton gloves,الخاصة,بحث خاص,
ملابس اimals cotton socks,الخاصة,بحث خاص,
ملابس اimals cotton booties,الخاصة,بحث خاص,
ملابس اimals cotton shoes,الخاصة,بحث خاص,
ملابس اimals cotton slippers,الخاصة,بحث خاص,
ملابس اimals cotton sandals,الخاصة,بحث خاص,
ملابس اimals cotton sneakers,الخاصة,بحث خاص,
ملابس اimals cotton boots,الخاصة,بحث خاص,
ملابس اimals cotton sneakers,الخاصة,بحث خاص,
ملابس اimals cotton backpack,الخاصة,بحث خاص,
ملابس اimals cotton bag,الخاصة,بحث خاص,
ملابس اimals cotton purse,الخاصة,بحث خاص,
ملابس اimals cotton wallet,الخاصة,بحث خاص,
ملابس اimals cotton jewelry,الخاصة,بحث خاص,
ملابس اimals cotton accessories,الخاصة,بحث خاص,
ملابس اimals cotton headband,الخاصة,بحث خاص,
ملابس اimals cotton bow,الخاصة,بحث خاص,
ملابس اimals cotton hair clip,الخاصة,بحث خاص,
ملابس اimals cotton scrunchie,الخاصة,بحث خاص,
ملابس اimals cotton hair tie,الخاصة,بحث خاص,
ملابس اimals cotton hair accessory,الخاصة,بحث خاص,
ملابس اimals cotton sunglasses,الخاصة,بحث خاص,
ملابس اimals cotton glasses,الخاصة,بحث خاص,
ملابس اimals cotton watch,الخاصة,بحث خاص,
ملابس اimals cotton bracelet,الخاصة,بحث خاص,
ملابس اimals cotton necklace,الخاصة,بحث خاص,
ملابس اimals cotton earrings,الخاصة,بحث خاص,
ملابس اimals cotton ring,الخاصة,بحث خاص,
ملابس اimals cotton pendant,الخاصة,بحث خاص,
ملابس اimals cotton charm,الخاصة,بحث خاص,
ملابس اimals cotton locket,الخاصة,بحث خاص,
ملابس اimals cotton brooch,الخاصة,بحث خاص,
ملابس اimals cotton pin,الخاصة,بحث خاص,
ملابس اimals cotton badge,الخاصة,بحث خاص,
ملابس اimals cotton patch,الخاصة,بحث خاص,
ملابس اimals cotton applique,الخاصة,بحث خاص,
ملابس اimals cotton embroidery,الخاصة,بحث خاص,
ملابس اimals cotton print,الخاصة,بحث خاص,
ملابس اimals cotton dye,الخاصة,بحث خاص,
ملابس اimals cotton bleach,الخاصة,بحث خاص,
ملابس اimals cotton wash,الخاصة,بحث خاص,
ملابس اimals cotton care,الخاصة,بحث خاص,
ملابس اimals cotton iron,الخاصة,بحث خاص,
ملابس اimals cotton dry,الخاصة,بحث خاص,
ملابس اimals cotton fold,الخاصة,بحث خاص,
ملابس اimals cotton store,الخاصة,بحث خاص,
ملابس اimals cotton organize,الخاصة,بحث خاص,
ملابس اimals cotton display,الخاصة,بحث خاص,
ملابس اimals cotton mannequin,الخاصة,بحث خاص,
ملابس اimals cotton hanger,الخاصة,بحث خاص,
ملابس اimals cotton rack,الخاصة,بحث خاص,
ملابس اimals cotton shelf,الخاصة,بحث خاص,
ملابس اimals cotton cabinet,الخاصة,بحث خاص,
ملابس اimals cotton closet,الخاصة,بحث خاص,
ملابس اimals cotton drawer,الخاصة,بحث خاص,
ملابس اimals cotton box,الخاصة,بحث خاص,
ملابس اimals cotton bin,الخاصة,بحث خاص,
ملابس اimals cotton basket,الخاصة,بحث خاص,
ملابس اimals cotton bag,الخاصة,بحث خاص,
ملابس اimals cotton pouch,الخاصة,بحث خاص,
ملابس اimals cotton case,الخاصة,بحث خاص,
ملابس اimals cotton cover,الخاصة,بحث خاص,
ملابس اimals cotton wrap,الخاصة,بحث خاص,
ملابس اimals cotton sling,الخاصة,بحث خاص,
ملابس اimals cotton carrier,الخاصة,بحث خاص,
ملابس اimals cotton stroller,الخاصة,بحث خاص,
ملابس اimals cotton car seat,الخاصة,بحث خاص,
ملابس اimals cotton high chair,الخاصة,بحث خاص,
ملابس اimals cotton crib,الخاصة,بحث خاص,
ملابس اimals cotton bassinet,الخاصة,بحث خاص,
ملابس اimals cotton playpen,الخاصة,بحث خاص,
ملابس اimals cotton walker,الخاصة,بحث خاص,
ملابس اimals cotton bouncer,الخاصة,بحث خاص,
ملابس اimals cotton swing,الخاصة,بحث خاص,
ملابس اimals cotton rocker,الخاصة,بحث خاص,
ملابس اimals cotton jumper,الخاصة,بحث خاص,
ملابس اimals cotton toy,الخاصة,بحث خاص,
ملابس اimals cotton doll,الخاصة,بحث خاص,
ملابس اimals cotton stuffed animal,الخاصة,بحث خاص,
ملابس اimals cotton blanket,الخاصة,بحث خاص,
ملابس اimals cotton pillow,الخاصة,بحث خاص,
ملابس اimals cotton sheet,الخاصة,بحث خاص,
ملابس اimals cotton mattress,الخاصة,بحث خاص,
ملابس اimals cotton changing pad,الخاصة,بحث خاص,
ملابس اimals cotton play mat,الخاصة,بحث خاص,
ملابس اimals cotton rug,الخاصة,بحث خاص,
ملابس اimals cotton carpet,الخاصة,بحث خاص,
ملابس اimals cotton curtain,الخاصة,بحث خاص,
ملابس اimals cotton drapes,الخاصة,بحث خاص,
ملابس اimals cotton valance,الخاصة,بحث خاص,
ملابس اimals cotton shade,الخاصة,بحث خاص,
ملابس اimals cotton blind,الخاصة,بحث خاص,
ملابس اimals cotton shutter,الخاصة,بحث خاص,
ملابس اimals cotton screen,الخاصة,بحث خاص,
ملابس اimals cotton divider,الخاصة,بحث خاص,
ملابس اimals cotton shelf liner,الخاصة,بحث خاص,
ملابس اimals cotton drawer liner,الخاصة,بحث خاص,
ملابس اimals cotton shelf liner,الخاصة,بحث خاص,
ملابس اimals cotton storage,الخاصة,بحث خاص,
ملابس اimals cotton organizer,الخاصة,بحث خاص,
ملابس اimals cotton hamper,الخاصة,بحث خاص,
ملابس اimals cotton laundry bag,الخاصة,بحث خاص,
ملابس اimals cotton dust bag,الخاصة,بحث خاص,
ملابس اimals cotton garment bag,الخاصة,بحث خاص,
ملابس اimals cotton travel bag,الخاصة,بحث خاص,
ملابس اimals cotton duffel bag,الخاصة,بحث خاص,
ملابس اimals cotton tote bag,الخاصة,بحث خاص,
ملابس اimals cotton shoulder bag,الخاصة,بحث خاص,
ملابس اimals cotton crossbody bag,الخاصة,بحث خاص,
ملابس اimals cotton clutch,الخاصة,بحث خاص,
ملابس اimals cotton evening bag,الخاصة,بحث خاص,
ملابس اimals cotton clutch purse,الخاصة,بحث خاص,
ملابس اimals cotton mini bag,الخاصة,بحث خاص,
ملابس اimals cotton micro bag,الخاصة,بحث خاص,
ملابس اimals cotton nano bag,الخاصة,بحث خاص,
ملابس اimals cotton belt bag,الخاصة,بحث خاص,
ملابس اimals cotton fanny pack,الخاصة,بحث خاص,
ملابس اimals cotton waist pack,الخاصة,بحث خاص,
ملابس اimals cotton hip pack,الخاصة,بحث خاص,
ملابس اimals cotton sling bag,الخاصة,بحث خاص,
ملابس اimals cotton messenger bag,الخاصة,بحث خاص,
ملابس اimals cotton briefcase,الخاصة,بحث خاص,
ملابس اimals cotton laptop bag,الخاصة,بحث خاص,
ملابس اimals cotton tablet bag,الخاصة,بحث خاص,
ملابس اimals cotton phone case,الخاصة,بحث خاص,
ملابس اimals cotton wallet case,الخاصة,بحث خاص,
ملابس اimals cotton card holder,الخاصة,بحث خاص,
ملابس اimals cotton coin purse,الخاصة,بحث خاص,
ملابس اimals cotton key holder,الخاصة,بحث خاص,
ملابس اimals cotton key chain,الخاصة,بحث خاص,
ملابس اimals cotton lanyard,الخاصة,بحث خاص,
ملابس اimals cotton ID holder,الخاصة,بحث خاص,
ملابس اimals cotton passport holder,الخاصة,بحث خاص,
ملابس اimals cotton travel wallet,الخاصة,بحث خاص,
ملابس اimals cotton travel organizer,الخاصة,بحث خاص,
ملابس اimals cotton toiletry bag,الخاصة,بحث خاص,
ملابس اimals cotton cosmetic bag,الخاصة,بحث خاص,
ملابس اimals cotton makeup bag,الخاصة,بحث خاص,
ملابس اimals cotton jewelry box,الخاصة,بحث خاص,
ملابس اimals cotton jewelry roll,الخاصة,بحث خاص,
ملابس اimals cotton watch box,الخاصة,بحث خاص,
ملابس اimals cotton watch roll,الخاصة,بحث خاص,
ملابس اimals cotton sunglasses case,الخاصة,بحث خاص,
ملابس اimals cotton glasses case,الخاصة,بحث خاص,
ملابس اimals cotton pencil case,الخاصة,بحث خاص,
ملابس اimals cotton pen case,الخاصة,بحث خاص,
ملابس اimals cotton stationery,الخاصة,بحث خاص,
ملابس اimals cotton notebook,الخاصة,بحث خاص,
ملابس اimals cotton journal,الخاصة,بحث خاص,
ملابس اimals cotton planner,الخاصة,بحث خاص,
ملابس اimals cotton calendar,الخاصة,بحث خاص,
ملابس اimals cotton diary,الخاصة,بحث خاص,
ملابس اimals cotton sketchbook,الخاصة,بحث خاص,
ملابس اimals cotton coloring book,الخاصة,بحث خاص,
ملابس اimals cotton activity book,الخاصة,بحث خاص,
ملابس اimals cotton puzzle,الخاصة,بحث خاص,
ملابس اimals cotton game,الخاصة,بحث خاص,
ملابس اimals cotton board game,الخاصة,بحث خاص,
ملابس اimals cotton card game,الخاصة,بحث خاص,
ملابس اimals cotton dice game,الخاصة,بحث خاص,
ملابس اimals cotton word game,الخاصة,بحث خاص,
ملابس اimals cotton math game,الخاصة,بحث خاص,
ملابس اimals cotton science kit,الخاصة,بحث خاص,
ملابس اimals cotton art kit,الخاصة,بحث خاص,
ملابس اimals cotton craft kit,الخاصة,بحث خاص,
ملابس اimals cotton DIY kit,الخاصة,بحث خاص,
ملابس اimals cotton sewing kit,الخاصة,بحث خاص,
ملابس اimals cotton knitting kit,الخاصة,بحث خاص,
ملابس اimals cotton crochet kit,الخاصة,بحث خاص,
ملابس اimals cotton embroidery kit,الخاصة,بحث خاص,
ملابس اimals cotton cross stitch kit,الخاصة,بحث خاص,
ملابس اimals cotton needlepoint kit,الخاصة,بحث خاص,
ملابس اimals cotton tapestry kit,الخاصة,بحث خاص,
ملابس اimals cotton weaving kit,الخاصة,بحث خاص,
ملابس اimals cotton spinning kit,الخاصة,بحث خاص,
ملابس اimals cotton dyeing kit,الخاصة,بحث خاص,
ملابس اimals cotton printing kit,الخاصة,بحث خاص,
ملابس اimals cotton painting kit,الخاصة,بحث خاص,
ملابس اimals cotton drawing kit,الخاصة,بحث خاص,
ملابس اimals cotton coloring kit,الخاصة,بحث خاص,
ملابس اimals cotton sculpting kit,الخاصة,بحث خاص,
ملابس اimals cotton modeling kit,الخاصة,بحث خاص,
ملابس اimals cotton clay kit,الخاصة,بحث خاص,
ملابس اimals cotton play dough kit,الخاصة,بحث خاص,
ملابس اimals cotton slime kit,الخاصة,بحث خاص,
ملابس اimals cotton sensory kit,الخاصة,بحث خاص,
ملابس اimals cotton fidget toy,الخاصة,بحث خاص,
ملابس اimals cotton stress ball,الخاصة,بحث خاص,
ملابس اimals cotton putty,الخاصة,بحث خاص,
ملابس اimals cotton kinetic sand,الخاصة,بحث خاص,
ملابس اimals cotton water bead,الخاصة,بحث خاص,
ملابس اimals cotton bubble solution,الخاصة,بحث خاص,
ملابس اimals cotton chalk,الخاصة,بحث خاص,
ملابس اimals cotton crayon,الخاصة,بحث خاص,
ملابس اimals cotton marker,الخاصة,بحث خاص,
ملابس اimals cotton paint,الخاصة,بحث خاص,
ملابس اimals cotton brush,الخاصة,بحث خاص,
ملابس اimals cotton easel,الخاصة,بحث خاص,
ملابس اimals cotton canvas,الخاصة,بحث خاص,
ملابس اimals cotton paper,الخاصة,بحث خاص,
ملابس اimals cotton scissors,الخاصة,بحث خاص,
ملابس اimals cotton glue,الخاصة,بحث خاص,
ملابس اimals cotton tape,الخاصة,بحث خاص,
ملابس اimals cotton stickers,الخاصة,بحث خاص,
ملابس اimals cotton stamps,الخاصة,بحث خاص,
ملابس اimals cotton ink pad,الخاصة,بحث خاص,
ملابس اimals cotton ribbon,الخاصة,بحث خاص,
ملابس اimals cotton bow,الخاصة,بحث خاص,
ملابس اimals cotton yarn,الخاصة,بحث خاص,
ملابس اimals cotton thread,الخاصة,بحث خاص,
ملابس اimals cotton needle,الخاصة,بحث خاص,
ملابس اimals cotton hook,الخاصة,بحث خاص,
ملابس اimals cotton loom,الخاصة,بحث خاص,
ملابس اimals cotton scissors,الخاصة,بحث خاص,
ملابس اimals cotton ruler,الخاصة,بحث خاص,
ملابس اimals cotton tape measure,الخاصة,بحث خاص,
ملابس اimals cotton pins,الخاصة,بحث خاص,
ملابس اimals cotton needles,الخاصة,بحث خاص,
ملابس اimals cotton thimble,الخاصة,بحث خاص,
ملابس اimals cotton seam ripper,الخاصة,بحث خاص,
ملابس اimals cotton fabric scissors,الخاصة,بحث خاص,
ملابس اimals cotton rotary cutter,الخاصة,بحث خاص,
ملابس اimals cotton cutting mat,الخاصة,بحث خاص,
ملابس اimals cotton iron,الخاصة,بحث خاص,
ملابس اimals cotton ironing board,الخاصة,بحث خاص,
ملابس اimals cotton sewing machine,الخاصة,بحث خاص,
ملابس اimals cotton serger,الخاصة,بحث خاص,
ملابس اimals cotton embroidery machine,الخاصة,بحث خاص,
ملابس اimals cotton quilting machine,الخاصة,بحث خاص,
ملابس اimals cotton fabric,الخاصة,بحث خاص,
ملابس اimals cotton batting,الخاصة,بحث خاص,
ملابس اimals cotton interfacing,الخاصة,بحث خاص,
ملابس اimals cotton lining,الخاصة,بحث خاص,
ملابس اimals cotton trim,الخاصة,بحث خاص,
ملابس اimals cotton bias tape,الخاصة,بحث خاص,
ملابس اimals cotton elastic,الخاصة,بحث خاص,
ملابس اimals cotton zipper,الخاصة,بحث خاص,
ملابس اimals cotton button,الخاصة,بحث خاص,
ملابس اimals cotton snap,الخاصة,بحث خاص,
ملابس اimals cotton hook and eye,الخاصة,بحث خاص,
ملابس اimals cotton velcro,الخاصة,بحث خاص,
ملابس اimals cotton buckle,الخاصة,بحث خاص,
ملابس اimals cotton toggle,الخاصة,بحث خاص,
ملابس اimals cotton clasp,الخاصة,بحث خاص,
ملابس اimals cotton chain,الخاصة,بحث خاص,
ملابس اimals cotton cord,الخاصة,بحث خاص,
ملابس اimals cotton rope,الخاصة,بحث خاص,
ملابس اimals cotton string,الخاصة,بحث خاص,
ملابس اimals cotton twine,الخاصة,بحث خاص,
ملابس اimals cotton yarn,الخاصة,بحث خاص,
ملابس اimals cotton thread,الخاصة,بحث خاص,
ملابس اimals cotton floss,الخاصة,بحث خاص,
ملابس اimals cotton ribbon,الخاصة,بحث خاص,
ملابس اimals cotton lace,الخاصة,بحث خاص,
ملابس اimals cotton trim,الخاصة,بحث خاص,
ملابس اimals cotton fringe,الخاصة,بحث خاص,
ملابس اimals cotton tassel,الخاصة,بحث خاص,
ملابس اimals cotton pom pom,الخاصة,بحث خاص,
ملابس اimals cotton bead,الخاصة,بحث خاص,
ملابس اimals cotton sequin,الخاصة,بحث خاص,
ملابس اimals cotton rhinestone,الخاصة,بحث خاص,
ملابس اimals cotton gem,الخاصة,بحث خاص,
ملابس اimals cotton crystal,الخاصة,بحث خاص,
ملابس اimals cotton pearl,الخاصة,بحث خاص,
ملابس اimals cotton charm,الخاصة,بحث خاص,
ملابس اimals cotton pendant,الخاصة,بحث خاص,
ملابس اimals cotton earring,الخاصة,بحث خاص,
ملابس اimals cotton bracelet,الخاصة,بحث خاص,
ملابس اimals cotton necklace,الخاصة,بحث خاص,
ملابس اimals cotton ring,الخصة,بحث خاص,
ملابس اimals cotton brooch,الخاصة,بحث خاص,
ملابس اimals cotton pin,الخاصة,بحث خاص,
ملابس اimals cotton badge,الخاصة,بحث خاص,
ملابس اimals cotton patch,الخاصة,بحث خاص,
ملابس اimals cotton applique,الخاصة,بحث خاص,
ملابس اimals cotton embroidery,الخاصة,بحث خاص,
ملابس اimals cotton cross stitch,الخاصة,بحث خاص,
ملابس اimals cotton needlepoint,الخاصة,بحث خاص,
ملابس اimals cotton tapestry,الخاصة,بحث خاص,
ملابس اimals cotton counted cross stitch,الخاصة,بحث خاص,
ملابس اimals cotton stamped cross stitch,الخاصة,بحث خاص,
ملابس اimals cotton blackwork,الخاصة,بحث خاص,
ملابس اimals cotton hardanger,الخاصة,بحث خاص,
ملابس اimals cotton whitework,الخاصة,بحث خاص,
ملابس اimals cotton drawn thread,الخاصة,بحث خاص,
ملابس اimals cotton cutwork,الخاصة,بحث خاص,
ملابس اimals cotton broderie anglaise,الخاصة,بحث خاص,
ملابس اimals cotton Richelieu,الخاصة,بحث خاص,
ملابس اimals cotton shadow work,الخاصة,بحث خاص,
ملابس اimals cotton ribbon embroidery,الخاصة,بحث خاص,
ملابس اimals cotton crewel embroidery,الخاصة,بحث خاص,
ملابس اimals cotton silk ribbon embroidery,الخاصة,بحث خاص,
ملابس اimals cotton goldwork,الخاصة,بحث خاص,
ملابس اimals cotton silverwork,الخاصة,بحث خاص,
ملابس اimals cotton bead embroidery,الخاصة,بحث خاص,
ملابس اimals cotton stumpwork,الخاصة,بحث خاص,
ملابس اimals cotton 3D embroidery,الخاصة,بحث خاص,
ملابس اimals cotton machine embroidery,الخاصة,بحث خاص,
ملابس اimals cotton hand embroidery,الخاصة,بحث خاص,
ملابس اimals cotton free motion embroidery,الخاصة,بحث خاص,
ملابس اimals cotton digitized embroidery,الخاصة,بحث خاص,
ملابس اimals cotton monogramming,الخاصة,بحث خاص,
ملابس اimals cotton applique,الخاصة,بحث خاص,
ملابس اimals cotton patchwork,الخاصة,بحث خاص,
ملابس اimals cotton quilting,الخاصة,بحث خاص,
ملابس اimals cotton piecing,الخاصة,بحث خاص,
ملابس اimals cotton binding,الخاصة,بحث خاص,
ملابس اimals cotton facing,الخاصة,بحث خاص,
ملابس اimals cotton hemming,الخاصة,بحث خاص,
ملابس اimals cotton seams,الخاصة,بحث خاص,
ملابس اimals cotton darts,الخاصة,بحث خاص,
ملابس اimals cotton pleats,الخاصة,بحث خاص,
ملابس اimals cotton gathers,الخاصة,بحث خاص,
ملابس اimals cotton tucks,الخاصة,بحث خاص,
ملابس اimals cotton smocking,الخاصة,بحث خاص,
ملابس اimals cotton shirring,الخاصة,بحث خاص,
ملابس اimals cotton elasticizing,الخاصة,بحث خاص,
ملابس اimals cotton gathering,الخاصة,بحث خاص,
ملابس اimals cotton pleating,الخاصة,بحث خاص,
ملابس اimals cotton tucking,الخاصة,بحث خاص,
ملابس اimals cotton darting,الخاصة,بحث خاص,
ملابس اimals cotton seaming,الخاصة,بحث خاص,
ملابس اimals cotton stitching,الخاصة,بحث خاص,
ملابس اimals cotton sewing,الخاصة,بحث خاص,
ملابس اimals cotton tailoring,الخاصة,بحث خاص,
ملابس اimals cotton dressmaking,الخاصة,بحث خاص,
ملابس اimals cotton pattern making,الخاصة,بحث خاص,
ملابس اimals cotton draping,الخاصة,بحث خاص,
ملابس اimals cotton fitting,الخاصة,بحث خاص,
ملابس اimals cotton alteration,الخاصة,بحث خاص,
ملابس اimals cotton repair,الخاصة,بحث خاص,
ملابس اimals cotton mending,الخاصة,بحث خاص,
ملابس اimals cotton patching,الخاصة,بحث خاص,
ملابس اimals cotton darning,الخاصة,بحث خاص,
ملابس اimals cotton rewaving,الخاصة,بحث خاص,
ملابس اimals cotton felting,الخاصة,بحث خاص,
ملابس اimals cotton needle felting,الخاصة,بحث خاص,
ملابس اimals cotton wet felting,الخاصة,بحث خاص,
ملابس اimals cotton nuno felting,الخاصة,بحث خاص,
ملابس اimals cotton spinning,الخاصة,بحث خاص,
ملابس اimals cotton carding,الخاصة,بحث خاص,
ملابس اimals cotton combing,الخاصة,بحث خاص,
ملابس اimals cotton drafting,الخاصة,بحث خاص,
ملابس اimals cotton roving,الخاصة,بحث خاص,
ملابس اimals cotton top,الخاصة,بحث خاص,
ملابس اimals cotton sliver,الخاصة,بحث خاص,
ملابس اimals cotton yarn,الخاصة,بحث خاص,
ملابس اimals cotton thread,الخاصة,بحث خاص,
ملابس اimals cotton floss,الخاصة,بحث خاص,
ملابس اimals cotton fiber,الخاصة,بحث خاص,
ملابس اimals cotton wool,الخاصة,بحث خاص,
ملابس اimals cotton alpaca,الخاصة,بحث خاص,
ملابس اimals cotton cashmere,الخاصة,بحث خاص,
ملابس اimals cotton angora,الخاصة,بحث خاص,
ملابس اimals cotton mohair,الخاصة,بحث خاص,
ملابس اimals cotton silk,الخاصة,بحث خاص,
ملابس اimals cotton linen,الخاصة,بحث خاص,
ملابس اimals cotton hemp,الخاصة,بحث خاص,
ملابس اimals cotton bamboo,الخاصة,بحث خاص,
ملابس اimals cotton soy,الخاصة,بحث خاص,
ملابس اimals cotton milk,الخاصة,بحث خاص,
ملابس اimals cotton modal,الخاصة,بحث خاص,
ملابس اimals cotton lyocell,الخاصة,بحث خاص,
ملابس اimals cotton tencel,الخاصة,بحث خاص,
ملابس اimals cotton viscose,الخاصة,بحث خاص,
ملابس اimals cotton rayon,الخاصة,بحث خاص,
ملابس اimals cotton acetate,الخاصة,بحث خاص,
ملابس اimals cotton acrylic,الخاصة,بحث خاص,
ملابس اimals cotton nylon,الخاصة,بحث خاص,
ملابس اimals cotton polyester,الخاصة,بحث خاص,
ملابس اimals cotton spandex,الخاصة,بحث خاص,
ملابس اimals cotton lycra,الخاصة,بحث خاص,
ملابس اimals cotton elastane,الخاصة,بحث خاص,
ملابس اimals cotton polyamide,الخاصة,بحث خاص,
ملابس اimals cotton polyurethane,الخاصة,بحث خاص,
ملابس اimals cotton polypropylene,الخاصة,بحث خاص,
ملابس اimals cotton PVC,الخاصة,بحث خاص,
ملابس اimals cotton PU,الخاصة,بحث خاص,
ملابس اimals cotton leather,الخاصة,بحث خاص,
ملابس اimals cotton faux leather,الخاصة,بحث خاص,
ملابس اimals cotton suede,الخاصة,بحث خاص,
ملابس اimals cotton velvet,الخاصة,بحث خاص,
ملابس اimals cotton velour,الخاصة,بحث خاص,
ملابس اimals cotton corduroy,الخاصة,بحث خاص,
ملابس اimals cotton denim,الخاصة,بحث خاص,
ملابس اimals cotton twill,الخاصة,بحث خاص,
ملابس اimals cotton canvas,الخاصة,بحث خاص,
ملابس اimals cotton duck,الخاصة,بحث خاص,
ملابس اimals cotton drill,الخاصة,بحث خاص
